Name,Location,Started,Updated,Acres burned,% contained
Pioneer Fire,"Chelan, WA","June 8, 2024 12:48 PM PDT","August 21, 2024 5:02 AM PDT",38730,23
Little Twist Fire,"Beaver, UT","June 13, 2024 1:00 PM PDT","July 11, 2024 7:37 AM PDT",5367,100
South Fork Fire,"Otero, NM","June 17, 2024 8:07 AM PDT","July 6, 2024 9:37 AM PDT",17569,99
Salt Fire,"Otero, NM","June 17, 2024 1:20 PM PDT","July 6, 2024 9:32 AM PDT",7939,100
Muskeg Creek Fire,"Bethel, AK","June 17, 2024 8:02 PM PDT","July 3, 2024 6:40 PM PDT",1000.49,0
Zimmerman Creek Fire,"Yukon-Koyukuk, AK","June 18, 2024 9:12 AM PDT","June 22, 2024 7:22 PM PDT",1934.1,0
Gold King Creek Fire,"Denali, AK","June 26, 2024 5:20 PM PDT","August 13, 2024 12:57 PM PDT",6538.3,0
American Fire,"Yukon-Koyukuk, AK","June 25, 2024 8:22 PM PDT","August 19, 2024 2:07 PM PDT",4724.72,0
Owl Creek Fire,"Liberty, FL","June 26, 2024 10:59 AM PDT","July 1, 2024 4:42 AM PDT",481,100
Balsam Root Fire,"Chelan, WA","July 5, 2024 4:48 AM PDT","July 6, 2024 8:35 AM PDT",305,100
Silver King Fire,"Piute, UT","July 5, 2024 12:11 PM PDT","July 25, 2024 1:30 PM PDT",18222,88
Vista Fire,"San Bernardino, CA","July 7, 2024 9:51 AM PDT","July 14, 2024 5:02 PM PDT",2936,100
Salt Creek Fire,"Jackson, OR","July 7, 2024 4:08 PM PDT","July 15, 2024 7:50 AM PDT",4102,100
Ridge Fire,"Catron, NM","July 2, 2024 10:36 AM PDT","July 18, 2024 4:08 AM PDT",4257,100
Upper Pine Fire,"Harney, OR","June 1, 2024 1:16 PM PDT","August 22, 2024 1:36 PM PDT",1086,100
Shoofly Fire,"Chelan, WA","July 8, 2024 2:11 PM PDT","July 15, 2024 6:24 PM PDT",104,70
Falls Fire,"Harney, OR","July 10, 2024 7:55 AM PDT","August 22, 2024 1:59 PM PDT",151689,100
Watch Fire,"Gila, AZ","July 10, 2024 10:02 PM PDT","July 12, 2024 11:40 AM PDT",2162,100
Black Fire,"Maricopa, AZ","July 11, 2024 9:23 PM PDT","July 20, 2024 2:37 PM PDT",11162,90
Lone Rock Fire,"Gilliam, OR","July 13, 2024 4:24 PM PDT","August 4, 2024 4:19 AM PDT",137222,99
Miller Peak Fire,"Missoula, MT","July 14, 2024 3:38 PM PDT","July 27, 2024 12:54 PM PDT",2724,100
Trout Fire,"Tulare, CA","July 13, 2024 8:37 AM PDT","August 17, 2024 6:40 PM PDT",23822,85
Long Fire,"Tulare, CA","July 15, 2024 2:30 PM PDT","August 17, 2024 12:27 PM PDT",9204,97
Texas Fire,"Latah, ID","July 15, 2024 3:45 PM PDT","July 23, 2024 12:12 PM PDT",1582,100
Cougar Creek Fire,"Asotin, WA","July 15, 2024 6:30 PM PDT","August 13, 2024 10:53 AM PDT",24091,95
Sunbanks Fire,"Grant, WA","July 16, 2024 2:24 PM PDT","July 17, 2024 8:53 AM PDT",100,Not available
Little Bates Fire,"Converse, WY","July 11, 2024 8:01 PM PDT","July 17, 2024 1:10 PM PDT",260.13,Not available
Durkee Fire,"Baker, OR","July 17, 2024 8:57 AM PDT","August 4, 2024 3:29 PM PDT",294265,99
Trail Fire,"Douglas, OR","July 16, 2024 7:39 PM PDT","August 22, 2024 5:09 AM PDT",841.73,100
Ore Fire,"Lane, OR","July 17, 2024 9:55 AM PDT","August 21, 2024 7:13 PM PDT",3147,16
Middle Fork Fire,"Klamath, OR","July 17, 2024 2:55 PM PDT","August 22, 2024 5:08 AM PDT",5244,0
Sentinel Fire,"Fresno, CA","July 14, 2024 9:10 AM PDT","August 8, 2024 11:52 AM PDT",282,90
Nf Owens Fire,"Umatilla, OR","July 17, 2024 3:27 PM PDT","August 10, 2024 2:20 AM PDT",4484,90
Swawilla I Fire,"Ferry, WA","July 17, 2024 9:30 PM PDT","August 8, 2024 7:01 AM PDT",53462,98
Deer Fire,"Yavapai, AZ","July 17, 2024 2:52 PM PDT","August 6, 2024 12:49 PM PDT",378,90
Easy Fire,"Skagit, WA","July 17, 2024 7:55 PM PDT","August 21, 2024 6:59 AM PDT",2130,36
Snake Fire,"Umatilla, OR","July 17, 2024 4:00 PM PDT","July 22, 2024 2:49 PM PDT",13557,100
Lane 1 Fire,"Lane, OR","July 17, 2024 3:10 PM PDT","August 21, 2024 8:35 PM PDT",25265,85
Boneyard Fire,"Grant, OR","July 17, 2024 3:42 PM PDT","July 24, 2024 12:43 PM PDT",49716,100
Red Fire,"Klamath, OR","July 17, 2024 10:35 AM PDT","August 22, 2024 4:09 AM PDT",753,0
Pine Bench Fire,"Douglas, OR","July 16, 2024 8:48 PM PDT","August 22, 2024 5:08 AM PDT",3943.47,35
Monkey Creek Fire,"Morrow, OR","July 18, 2024 3:13 PM PDT","August 15, 2024 12:46 PM PDT",115269,48
Trep Fire,"Douglas, OR","July 19, 2024 1:50 PM PDT","August 22, 2024 9:21 AM PDT",545.89,0
Clearwater Fire,"Douglas, OR","July 16, 2024 8:23 PM PDT","August 22, 2024 5:08 AM PDT",0.65,100
Happy Fire,"Fresno, CA","July 16, 2024 9:18 AM PDT","August 3, 2024 2:09 PM PDT",23,0
Garwood Fire,"Douglas, OR","July 17, 2024 2:54 PM PDT","August 22, 2024 11:17 AM PDT",6.06,100
Pyramid Fire,"Linn, OR","July 17, 2024 12:26 PM PDT","August 20, 2024 9:23 AM PDT",1312,88
Ooya Fire,"Douglas, OR","July 17, 2024 1:18 PM PDT","August 22, 2024 6:51 AM PDT",373.88,85
Potter Fire,"Douglas, OR","July 16, 2024 8:44 PM PDT","August 22, 2024 4:12 PM PDT",3416.39,6
Horse Heaven Creek Fire,"Lane, OR","July 17, 2024 3:28 PM PDT","August 22, 2024 6:12 AM PDT",2295,12
Maple Fire,"Douglas, OR","July 19, 2024 8:45 AM PDT","August 16, 2024 9:26 AM PDT",11106.07,56
Whisky Creek Fire,"Hood River, OR","July 20, 2024 11:01 AM PDT","August 22, 2024 6:57 PM PDT",2067,24
Courtrock Fire,"Grant, OR","July 21, 2024 2:54 PM PDT","August 8, 2024 3:08 PM PDT",20019,100
Reynolds Butte Fire,"Douglas, OR","July 19, 2024 11:21 AM PDT","August 21, 2024 5:46 PM PDT",334,100
No Man Fire,"Lane, OR","July 18, 2024 12:09 PM PDT","August 21, 2024 5:46 PM PDT",2080,28
Fuller Lake Fire,"Douglas, OR","July 17, 2024 7:06 AM PDT","August 22, 2024 6:12 AM PDT",418,0
Bullpup Fire,"Douglas, OR","July 17, 2024 1:43 PM PDT","August 22, 2024 6:12 AM PDT",476,17
Salmon 33 Fire,"Lane, OR","July 17, 2024 10:36 AM PDT","August 22, 2024 7:17 PM PDT",261,78
Telephone Fire,"Harney, OR","July 22, 2024 12:19 PM PDT","August 22, 2024 1:36 PM PDT",54005,100
Thompson Fire,"Baker, OR","July 22, 2024 5:02 PM PDT","July 30, 2024 3:35 PM PDT",31557,99
Chalk Fire,"Lane, OR","July 17, 2024 11:36 AM PDT","August 21, 2024 8:02 PM PDT",5684,66
Moss Mountain Fire,"Lane, OR","July 17, 2024 12:52 PM PDT","August 22, 2024 5:56 AM PDT",864,0
Coffeepot Fire,"Lane, OR","July 21, 2024 3:57 AM PDT","August 22, 2024 5:56 PM PDT",6197,100
Mckinley Creek Fire,"Lane, OR","July 17, 2024 8:40 AM PDT","August 20, 2024 7:21 AM PDT",24,100
217 Mf Fire,"Lane, OR","July 17, 2024 2:06 PM PDT","August 20, 2024 7:21 AM PDT",38,100
208 Mf Fire,"Lane, OR","July 17, 2024 11:59 AM PDT","August 22, 2024 6:25 AM PDT",252,0
Tire Mountain Mf Fire,"Lane, OR","July 17, 2024 11:51 AM PDT","August 20, 2024 7:21 AM PDT",23,100
Clearwater Fire,"Park, WY","July 19, 2024 3:30 PM PDT","August 16, 2024 2:26 PM PDT",1966,75
Elephant Fire,"Douglas, OR","July 23, 2024 11:36 AM PDT","August 22, 2024 5:08 AM PDT",0.74,100
Lost Fire,"Douglas, OR","July 16, 2024 7:19 PM PDT","August 22, 2024 5:08 AM PDT",64.03,100
Pincer Two Fire,"Skagit, WA","July 18, 2024 4:09 PM PDT","August 8, 2024 6:04 PM PDT",189,0
Sinnott Fire,"Southeast Fairbanks, AK","July 21, 2024 10:38 PM PDT","August 19, 2024 2:00 PM PDT",1712.05,0
Powder Fire,"Baker, OR","July 23, 2024 8:01 AM PDT","July 24, 2024 2:21 PM PDT",54617,100
Crazy Creek Fire,"Crook, OR","July 22, 2024 11:07 AM PDT","August 20, 2024 8:10 PM PDT",86963,93
West Crooked Fire,"Idaho, ID","July 5, 2024 3:32 PM PDT","July 31, 2024 8:01 AM PDT",55,0
Borel Fire,"Kern, CA","July 24, 2024 12:59 PM PDT","August 6, 2024 8:56 PM PDT",59288,95
Thin Fire,"Douglas, OR","July 24, 2024 3:15 PM PDT","August 22, 2024 5:09 AM PDT",0.63,100
Retreat Fire,"Yakima, WA","July 23, 2024 3:46 PM PDT","August 8, 2024 11:30 AM PDT",45601,95
Sheep Fire,"Douglas, OR","July 23, 2024 6:51 PM PDT","August 22, 2024 5:09 AM PDT",0.33,100
Ritter Fire,"Harney, OR","July 23, 2024 10:40 PM PDT","August 22, 2024 1:36 PM PDT",461,100
Park Fire,"Butte, CA","July 24, 2024 2:52 PM PDT","August 21, 2024 6:51 PM PDT",429460,63
Wolf Creek Fire,"Adams, ID","July 24, 2024 5:51 PM PDT","August 19, 2024 7:50 PM PDT",1154,95
Mowich Fire,"Douglas, OR","July 25, 2024 4:16 PM PDT","August 22, 2024 5:08 AM PDT",0.36,100
Birds Fire,"Douglas, OR","July 25, 2024 4:09 PM PDT","August 22, 2024 5:08 AM PDT",0.13,100
Bullpup Fire,"Lane, OR","July 19, 2024 1:55 PM PDT","July 26, 2024 4:25 AM PDT",5898,38
Whiskey Mountain Fire,"Harney, OR","July 24, 2024 3:48 PM PDT","August 22, 2024 1:35 PM PDT",4345,100
Parasol Fire,"Grant, OR","July 24, 2024 8:37 PM PDT","August 22, 2024 1:35 PM PDT",485,100
Limepoint Fire,"Adams, ID","July 24, 2024 5:21 PM PDT","August 22, 2024 7:19 PM PDT",32465,84
Sand Stone Fire,"Maricopa, AZ","July 25, 2024 6:04 PM PDT","July 31, 2024 2:30 PM PDT",27390,98
Muir Creek Fire,"Flathead, MT","July 23, 2024 8:48 PM PDT","July 30, 2024 9:22 AM PDT",30,0
Dominion Point Fire,"Shoshone, ID","July 25, 2024 3:46 PM PDT","July 31, 2024 7:21 PM PDT",275,0
East Fork Fire,"Shoshone, ID","July 25, 2024 5:03 AM PDT","July 31, 2024 7:21 PM PDT",25,100
Junction Fire,"Shoshone, ID","July 25, 2024 9:46 AM PDT","August 2, 2024 8:48 PM PDT",130,100
Grouse Fire,"Beaverhead, MT","July 25, 2024 4:10 PM PDT","August 13, 2024 2:57 AM PDT",4200,22
Boulder Fire,"Valley, ID","July 24, 2024 5:27 PM PDT","August 21, 2024 10:50 AM PDT",2305,44
Bulltrout Fire,"Boise, ID","July 25, 2024 5:06 PM PDT","August 15, 2024 4:05 AM PDT",271,92
Limepoint Fire,"Adams, ID","July 25, 2024 12:12 PM PDT","August 9, 2024 4:13 AM PDT",1108,100
Canal Fire,"Douglas, OR","July 28, 2024 1:54 PM PDT","August 22, 2024 5:08 AM PDT",1.02,100
Toolbox Fire,"Douglas, OR","July 28, 2024 1:45 PM PDT","August 22, 2024 5:09 AM PDT",0.11,100
Mountain View Fire,"Wallowa, OR","July 26, 2024 11:27 AM PDT","August 1, 2024 7:31 PM PDT",318,Not available
Big Canyon Fire,"Wallowa, OR","July 26, 2024 12:45 PM PDT","August 5, 2024 7:23 AM PDT",288,Not available
Poison Creek Fire,"Grant, OR","July 25, 2024 3:04 PM PDT","August 22, 2024 1:35 PM PDT",1060,100
Wapiti Fire,"Boise, ID","July 24, 2024 7:58 PM PDT","August 22, 2024 1:10 PM PDT",17520,10
Johnson Fire,"Ravalli, MT","July 25, 2024 4:24 PM PDT","August 9, 2024 1:36 PM PDT",270,0
Bearskin Fire,"Valley, ID","July 29, 2024 11:40 AM PDT","July 30, 2024 3:51 PM PDT",12,0
Deer Fire,"Custer, ID","July 25, 2024 1:03 PM PDT","July 30, 2024 4:45 PM PDT",52,60
Broom Canyon Fire,"Nye, NV","July 29, 2024 8:00 PM PDT","August 19, 2024 2:50 PM PDT",4633,15
Wye Fire,"Idaho, ID","July 25, 2024 10:01 AM PDT","August 20, 2024 11:27 AM PDT",5310,0
Railroad Fire,"Ravalli, MT","July 25, 2024 7:59 AM PDT","July 29, 2024 6:06 PM PDT",37,1
Anchor Fire,"Idaho, ID","July 28, 2024 11:49 AM PDT","August 2, 2024 3:56 AM PDT",135,1
Ace Butte Fire,"Idaho, ID","July 24, 2024 5:44 PM PDT","August 2, 2024 3:56 AM PDT",152,0
Leeds Creek Fire,"Fremont, WY","August 1, 2024 5:00 AM PDT","August 15, 2024 9:09 AM PDT",780,75
Cold Springs Fire,"Converse, WY","July 30, 2024 4:48 PM PDT","August 3, 2024 5:31 PM PDT",1846.22,100
387 Fire,"Natrona, WY","July 29, 2024 1:26 PM PDT","August 4, 2024 2:55 PM PDT",15,Not available
Skeleton Fire,"Yavapai, AZ","August 3, 2024 3:07 PM PDT","August 8, 2024 7:01 PM PDT",24034,77
Flat Creek Fire,"Chelan, WA","August 2, 2024 11:58 AM PDT","August 13, 2024 4:16 PM PDT",43,0
Miners Fire,"Snohomish, WA","July 17, 2024 6:39 PM PDT","August 5, 2024 8:25 AM PDT",1098,0
Dolly Creek Fire,"Snohomish, WA","July 18, 2024 7:57 AM PDT","August 8, 2024 6:24 PM PDT",0.1,0
Middle Ridge Fire,"Snohomish, WA","July 28, 2024 12:21 PM PDT","August 8, 2024 6:07 PM PDT",0.1,0
Plummer Mountain Fire,"Snohomish, WA","July 20, 2024 6:23 PM PDT","August 5, 2024 8:25 AM PDT",0.1,0
Sulphur Three Fire,"Snohomish, WA","July 18, 2024 7:49 AM PDT","August 8, 2024 6:24 PM PDT",0.1,0
Sulphur Four Fire,"Snohomish, WA","July 18, 2024 3:49 PM PDT","August 8, 2024 6:24 PM PDT",0.1,0
Y Bar Fire,"Gila, AZ","August 4, 2024 12:14 PM PDT","August 6, 2024 1:37 PM PDT",297,98
Bartlett Fire,"Maricopa, AZ","August 4, 2024 3:54 PM PDT","August 6, 2024 6:34 PM PDT",6161,99
Simpson Fire,"Fresno, CA","July 25, 2024 5:07 PM PDT","August 8, 2024 10:49 AM PDT",58,0
Elk Lane Fire,"Jefferson, OR","August 4, 2024 7:38 PM PDT","August 8, 2024 4:14 PM PDT",5176,100
Town Gulch Fire,"Baker, OR","August 5, 2024 9:27 AM PDT","August 19, 2024 3:17 AM PDT",18234,93
Clair Fire,"Maricopa, AZ","August 4, 2024 4:28 PM PDT","August 6, 2024 11:07 AM PDT",2170,98
Sheep Fire,"Gila, AZ","August 4, 2024 7:55 PM PDT","August 7, 2024 9:47 AM PDT",2483,90
Porcupine Fire,"Harney, OR","August 5, 2024 11:32 AM PDT","August 8, 2024 4:30 PM PDT",5000,95
Wally Fire,"Gila, AZ","August 4, 2024 4:53 PM PDT","August 6, 2024 6:18 PM PDT",685,90
Craven Road Fire,"Jackson, SD","August 6, 2024 2:30 PM PDT","August 10, 2024 8:26 AM PDT",28.6,Not available
Williams Mine Fire,"Skamania, WA","August 5, 2024 12:03 PM PDT","August 22, 2024 6:06 AM PDT",11764,21
Sandstone Fire,"Clackamas, OR","August 5, 2024 2:59 PM PDT","August 20, 2024 4:40 AM PDT",702,29
Ladue River Fire,"Southeast Fairbanks, AK","July 22, 2024 5:27 PM PDT","August 21, 2024 9:14 AM PDT",17529.9,Not available
Element Fire,"Mohave, AZ","August 6, 2024 6:38 PM PDT","August 9, 2024 9:38 AM PDT",5364,100
Dollar Fire,"Valley, ID","August 5, 2024 5:57 PM PDT","August 21, 2024 7:17 PM PDT",2449,0
Bella Fire,"Kern, CA","August 4, 2024 5:28 PM PDT","August 8, 2024 10:07 PM PDT",500,100
Snag Fire,"Valley, ID","August 5, 2024 4:22 PM PDT","August 21, 2024 7:18 PM PDT",23100,3
Salmon Creek Fire,"Okanogan, WA","August 5, 2024 11:21 AM PDT","August 7, 2024 10:51 AM PDT",831,100
Warner Peak Fire,"Lake, OR","August 5, 2024 5:05 PM PDT","August 18, 2024 3:43 PM PDT",65866,96
Nellie Fire,"Boise, ID","August 6, 2024 8:35 AM PDT","August 22, 2024 2:20 PM PDT",28533,5
Paddock Fire,"Washington, ID","August 5, 2024 6:56 PM PDT","August 16, 2024 7:28 PM PDT",187185,100
Elkhorn Ridge Fire,"Idaho, ID","August 6, 2024 5:41 PM PDT","August 22, 2024 10:57 AM PDT",2585,0
Bulldog Fire,"Boise, ID","August 5, 2024 4:02 PM PDT","August 22, 2024 2:48 PM PDT",6363,4
Anderson Fire,"Boise, ID","August 5, 2024 3:16 PM PDT","August 12, 2024 4:04 AM PDT",1877,100
Three Forks Fire,"Grand, UT","August 6, 2024 12:16 PM PDT","August 8, 2024 12:43 PM PDT",7.1,0
Morrison Fire,"Tuolumne, CA","August 4, 2024 10:46 AM PDT","August 10, 2024 8:30 AM PDT",31,0
Echo Fire,"Mariposa, CA","August 3, 2024 9:59 AM PDT","August 10, 2024 8:30 AM PDT",6,0
Farrow Fire,"Idaho, ID","August 5, 2024 7:00 PM PDT","August 9, 2024 4:43 PM PDT",776,0
Dove Creek Fire,"Box Elder, UT","August 9, 2024 1:42 PM PDT","August 9, 2024 7:47 PM PDT",594,100
Boise Fire,"Humboldt, CA","August 9, 2024 8:50 AM PDT","August 22, 2024 3:19 PM PDT",12880,28
Ruby Fire,"Whatcom, WA","August 9, 2024 7:20 AM PDT","August 21, 2024 5:10 AM PDT",921,0
Wolf Creek Fire,"Valley, ID","August 5, 2024 4:37 PM PDT","August 21, 2024 7:25 PM PDT",1718,0
Flat Fire,"Boise, ID","August 5, 2024 7:29 PM PDT","August 21, 2024 8:19 PM PDT",3719,43
Merna Butte Fire,"Sublette, WY","August 9, 2024 10:45 PM PDT","August 15, 2024 10:04 AM PDT",153,65
Black Canyon Fire,"Meagher, MT","August 10, 2024 12:36 PM PDT","August 19, 2024 4:46 PM PDT",233,100
Gold Ranch Fire,"Washoe, NV","August 11, 2024 6:31 PM PDT","August 19, 2024 2:35 PM PDT",657,100
Mill Creek Fire,"Liberty, FL","August 12, 2024 8:44 AM PDT","August 13, 2024 1:00 PM PDT",122,Not available
Coffee Pot Fire,"Tulare, CA","August 3, 2024 8:05 AM PDT","August 22, 2024 2:58 PM PDT",2354,0
Thomas Fire,"Kittitas, WA","August 9, 2024 7:21 PM PDT","August 14, 2024 8:28 AM PDT",9,100
Stave Creek Fire,"Kittitas, WA","August 9, 2024 8:15 PM PDT","August 14, 2024 4:18 PM PDT",12.1,35
Turbine Fire,"Kern, CA","August 12, 2024 10:18 AM PDT","August 13, 2024 10:49 AM PDT",329,100
Anita Fire,"San Diego, CA","August 12, 2024 1:27 PM PDT","August 13, 2024 5:38 PM PDT",20,Not available
Circle Tower - Mccone Fire,"McCone, MT","August 12, 2024 1:34 PM PDT","August 13, 2024 2:26 PM PDT",114.5,Not available
Lodgepole Fire,"Yakima, WA","August 12, 2024 3:37 PM PDT","August 14, 2024 5:21 PM PDT",35,6
South Fire,"Kern, CA","August 7, 2024 3:23 PM PDT","August 14, 2024 12:05 PM PDT",0.01,Not available
Square Lake Fire,"Idaho, ID","August 10, 2024 7:34 PM PDT","August 18, 2024 10:54 AM PDT",612.3,Not available
2620 Road Fire,"Jefferson, WA","August 14, 2024 5:06 PM PDT","August 22, 2024 6:02 PM PDT",403,15
Cracker Jack Complex Fire,"Idaho, ID","August 12, 2024 12:49 PM PDT","August 22, 2024 2:12 PM PDT",612.3,0
Fish Creek Fire,"Teton, WY","August 16, 2024 12:52 PM PDT","August 22, 2024 3:45 AM PDT",10000,0
Boulder Peak Fire,"Ravalli, MT","July 30, 2024 6:33 AM PDT","August 20, 2024 6:10 PM PDT",110,0
Twin Knobs Fire,"Douglas, OR","August 17, 2024 1:18 PM PDT","August 22, 2024 5:09 AM PDT",0.42,100
Bone Pile Creek Fire,"Campbell, WY","August 16, 2024 11:28 AM PDT","August 19, 2024 8:49 AM PDT",50,Not available
0675 Ochoco Fire,"Jefferson, OR","August 18, 2024 1:44 PM PDT","August 19, 2024 10:50 AM PDT",590,100
Hobson Fire,"White Pine, NV","August 18, 2024 2:38 PM PDT","August 21, 2024 8:13 AM PDT",1080,90
6 Mile Fire,"Ferry, WA","August 18, 2024 11:15 AM PDT","August 21, 2024 7:22 PM PDT",113,40
Stranger Creek Ii Fire,"Ferry, WA","August 18, 2024 12:45 AM PDT","August 20, 2024 7:45 PM PDT",66,50
Tank Fire,"Maricopa, AZ","August 16, 2024 9:03 AM PDT","August 19, 2024 5:43 PM PDT",3.7,Not available
Laughlin Casino Dr Fire,"Clark, NV","August 19, 2024 11:25 AM PDT","August 20, 2024 10:23 AM PDT",63,Not available
Mud Fire,"Klamath, OR","August 17, 2024 2:19 PM PDT","August 20, 2024 11:06 AM PDT",22.26,Not available
Ratio Mountain Fire,"Jefferson, MT","August 18, 2024 3:44 PM PDT","August 20, 2024 9:26 PM PDT",42,0
Boulder Creek Fire,"Union, OR","August 18, 2024 12:51 PM PDT","August 20, 2024 9:52 PM PDT",115,24
Stayman Fire,"Chelan, WA","August 20, 2024 1:55 PM PDT","August 21, 2024 4:30 PM PDT",3118,0
Grade Fire,"Santa Barbara, CA","August 20, 2024 4:31 PM PDT","August 21, 2024 10:41 AM PDT",NA,Not available
Friday Draw Fire,"Converse, WY","August 21, 2024 8:05 AM PDT","August 21, 2024 11:06 AM PDT",443,100
Albion Road Fire,"Butte, SD","August 21, 2024 10:04 AM PDT","August 21, 2024 11:41 AM PDT",0.1,Not available
Loop Fire,"Douglas, OR","August 18, 2024 6:06 PM PDT","August 22, 2024 5:08 AM PDT",1.72,100
Taylor Fire,"White Pine, NV","August 20, 2024 3:20 PM PDT","August 21, 2024 1:28 PM PDT",92,Not available
Barber Fire,"Converse, WY","August 21, 2024 1:56 PM PDT","August 21, 2024 7:18 PM PDT",1419,100
Huffine Fire,"Musselshell, MT","August 21, 2024 5:33 PM PDT","August 22, 2024 4:56 AM PDT",20,Not available
House Draw Fire,"Johnson, WY","August 21, 2024 9:21 AM PDT","August 22, 2024 5:05 PM PDT",163000,0
Missle Fire,"Butte, SD","August 21, 2024 6:49 PM PDT","August 22, 2024 5:36 AM PDT",16,Not available
Barnes Canyon Fire,"Custer, SD","August 21, 2024 12:54 PM PDT","August 22, 2024 6:14 AM PDT",14.7,Not available
Barber Draw266 Fire,"Big Horn, MT","August 21, 2024 2:18 PM PDT","August 22, 2024 10:35 AM PDT",6738.9,0
Prospect Fire,"Idaho, ID","August 12, 2024 8:06 AM PDT","August 22, 2024 10:58 AM PDT",1100,0
Yaupn Fire,"Harrison, MS","August 20, 2024 1:09 PM PDT","August 22, 2024 11:27 AM PDT",1,Not available
Event Fire,"Shackelford, TX","August 21, 2024 2:30 PM PDT","August 22, 2024 1:56 PM PDT",145,99
Ledbetter Fire,"Shackelford, TX","August 22, 2024 10:10 AM PDT","August 22, 2024 2:18 PM PDT",165,90
Flat Rock Fire,"Campbell, WY","August 21, 2024 5:13 PM PDT","August 22, 2024 2:42 PM PDT",30000,30
Coeur D’alene Fire,"Spokane, WA","August 19, 2024 2:40 PM PDT","August 22, 2024 5:23 PM PDT",1.9,Not available
Upper Ruby Fire,"Pend Oreille, WA","August 20, 2024 3:55 PM PDT","August 22, 2024 5:19 PM PDT",220,0
Red Canyon Fire,"Fall River, SD","August 21, 2024 4:11 PM PDT","August 22, 2024 6:45 PM PDT",80,1
Black Ridge Fire,"Grand, UT","August 21, 2024 4:04 PM PDT","August 22, 2024 6:58 PM PDT",305,1
Iron Peak Fire,"Iron, UT","August 21, 2024 11:36 AM PDT","August 22, 2024 6:53 PM PDT",694,0
Shelly Fire,"Siskiyou, CA","July 3, 2024 6:35 AM PDT","August 22, 2024 7:48 AM PDT",15520,100
Italian Fire,"Fresno, CA","July 29, 2024 5:30 AM PDT","August 22, 2024 7:47 AM PDT",46,Not available
Pole Fire,"San Bernardino, CA","July 30, 2024 9:26 AM PDT","August 22, 2024 7:46 AM PDT",300,100
Middle Fire,"Tuolumne, CA","August 4, 2024 8:51 AM PDT","August 21, 2024 1:52 PM PDT",310,100
Crozier Fire,"El Dorado, CA","August 6, 2024 3:57 PM PDT","August 21, 2024 2:49 AM PDT",1938,100
Summit Fire,"Calaveras, CA","August 10, 2024 6:19 AM PDT","August 22, 2024 7:45 AM PDT",21,100
Papa Fire,"San Diego, CA","August 13, 2024 7:52 AM PDT","August 21, 2024 10:31 AM PDT",60,100
Moon Fire,"Los Angeles, CA","August 13, 2024 7:08 AM PDT","August 22, 2024 7:45 AM PDT",15,75
White Fire,"Riverside, CA","August 14, 2024 6:11 AM PDT","August 21, 2024 10:30 AM PDT",12,100
Pendulum Fire,"Kern, CA","August 16, 2024 11:48 AM PDT","August 17, 2024 2:16 PM PDT",269,100
Cypress Fire,"San Luis Obispo, CA","August 17, 2024 6:06 AM PDT","August 21, 2024 10:29 AM PDT",88,100
Hills Fire,"Madera, CA","August 18, 2024 9:49 AM PDT","August 21, 2024 10:29 AM PDT",172,100
Grant Fire,"Alameda, San Joaquin, CA","August 19, 2024 7:08 AM PDT","August 21, 2024 10:29 AM PDT",16,100
Interlake Fire,"Monterey, CA","August 19, 2024 4:17 AM PDT","August 21, 2024 10:29 AM PDT",22,100
Livermore Fire,"Alameda, CA","August 19, 2024 8:35 AM PDT","August 21, 2024 10:28 AM PDT",16,Not available
Green Fire,"Alameda, CA","August 19, 2024 7:49 AM PDT","August 21, 2024 6:15 AM PDT",6,100
Quimby Fire,"Santa Clara, CA","August 19, 2024 1:15 PM PDT","August 22, 2024 9:16 AM PDT",33,100
Bishop Fire,"San Luis Obispo, CA","August 19, 2024 9:40 PM PDT","August 21, 2024 10:32 AM PDT",15,100
Rancho Fire,"San Luis Obispo, CA","August 20, 2024 5:38 AM PDT","August 21, 2024 10:27 AM PDT",9,100
Winchester Fire,"Riverside, CA","August 20, 2024 3:29 PM PDT","August 21, 2024 10:27 AM PDT",10,100
Amaral Fire,"Solano, CA","August 21, 2024 2:46 AM PDT","August 21, 2024 1:28 PM PDT",11,95
Turner Fire,"Merced, CA","August 21, 2024 6:44 AM PDT","August 21, 2024 10:32 AM PDT",15,100
Canyon Fire,"Los Angeles, CA","August 21, 2024 10:25 AM PDT","August 22, 2024 1:52 AM PDT",15,Not available
Beach Fire,"Riverside, CA","August 22, 2024 5:56 AM PDT","August 22, 2024 11:42 AM PDT",34,25
Ace Fire,"Calaveras, CA","August 21, 2024 9:42 AM PDT","August 21, 2024 2:50 PM PDT",16,100
Edna Fire,"Riverside, CA","August 22, 2024 8:42 AM PDT","August 22, 2024 11:42 AM PDT",30,30
Walmort Fire,"Sacramento, CA","August 22, 2024 10:45 AM PDT","August 22, 2024 11:43 AM PDT",45,Not available
